Workbook

Sheet EXP
A1: TOTAL_BASIC | B1: Statistiques de base au total classées par minutes jouées
A2: PER_GAME_BASIC | B2: Statistiques de base par match classées par minutes jouées
A3: ADVANCED | B3: Statistiques avancées classées par minutes jouées
A4: SHOOTING | B4: Statistiques shooting classées par minutes jouées
A6: MIN LIMIT | B6: 100

Sheet TOTAL_BASIC
A1: DATA
A2: Player | B2: Team | C2: Pos | D2: G | E2: MP | F2: G | G2: GS | H2: MP | I2: FG | J2: FGA | K2: FG% | L2: 3P | M2: 3PA | N2: 3P% | O2: 2P | P2: 2PA | Q2: 2P% | R2: FT | S2: FTA | T2: FT% | U2: ORB | V2: TRB | W2: AST | X2: STL | Y2: BLK | Z2: TOV | AA2: PF | AB2: PTS | AC2: AST/TO
A3: Rhyne Howard | B3: ATL | C3: G | D3: 42 | E3: 1438 | F3: 42 | G3: 42 | H3: 1438 | I3: 245 | J3: 603 | K3: 0.406 | L3: 134 | M3: 372 | N3: 0.36 | O3: 111 | P3: 231 | Q3: 0.481 | R3: 131 | S3: 152 | T3: 0.862 | U3: 30 | V3: 161 | W3: 154 | X3: 97 | Y3: 39 | Z3: 58 | AA3: 122 | AB3: 755 | AC3: =W3/Z3 -> 2.6551724
A4: Allisha Gray | B4: ATL | C4: G | D4: 43 | E4: 1401 | F4: 43 | G4: 43 | H4: 1401 | I4: 272 | J4: 589 | K4: 0.462 | L4: 77 | M4: 233 | N4: 0.33 | O4: 195 | P4: 356 | Q4: 0.548 | R4: 192 | S4: 238 | T4: 0.807 | U4: 29 | V4: 148 | W4: 112 | X4: 57 | Y4: 15 | Z4: 65 | AA4: 121 | AB4: 813 | AC4: =IF(Z4=0,"",W4/Z4) -> 1.7230769
A5: Breanna Stewart | B5: NYL | C5: F | D5: 42 | E5: 1384 | F5: 42 | G5: 42 | H5: 1384 | I5: 300 | J5: 633 | K5: 0.474 | L5: 31 | M5: 122 | N5: 0.254 | O5: 269 | P5: 511 | Q5: 0.526 | R5: 244 | S5: 290 | T5: 0.841 | U5: 64 | V5: 348 | W5: 137 | X5: 57 | Y5: 54 | Z5: 85 | AA5: 90 | AB5: 875 | AC5: =IF(Z5=0,"",W5/Z5) -> 1.6117647
A6: Kelsey Mitchell | B6: IND | C6: G | D6: 42 | E6: 1382 | F6: 42 | G6: 42 | H6: 1382 | I6: 372 | J6: 723 | K6: 0.515 | L6: 131 | M6: 287 | N6: 0.456 | O6: 241 | P6: 436 | Q6: 0.553 | R6: 181 | S6: 214 | T6: 0.846 | U6: 21 | V6: 70 | W6: 116 | X6: 45 | Y6: 5 | Z6: 72 | AA6: 101 | AB6: 1056 | AC6: =IF(Z6=0,"",W6/Z6) -> 1.6111111
A7: Kayla McBride | B7: MIN | C7: G | D7: 42 | E7: 1370 | F7: 42 | G7: 42 | H7: 1370 | I7: 245 | J7: 537 | K7: 0.456 | L7: 120 | M7: 293 | N7: 0.41 | O7: 125 | P7: 244 | Q7: 0.512 | R7: 143 | S7: 155 | T7: 0.923 | U7: 25 | V7: 130 | W7: 93 | X7: 71 | Y7: 10 | Z7: 54 | AA7: 81 | AB7: 753 | AC7: =IF(Z7=0,"",W7/Z7) -> 1.7222222
A8: Alyssa Thomas | B8: PHO | C8: F | D8: 41 | E8: 1366 | F8: 41 | G8: 41 | H8: 1366 | I8: 228 | J8: 435 | K8: 0.524 | L8: 1 | M8: 3 | N8: 0.333 | O8: 227 | P8: 432 | Q8: 0.525 | R8: 136 | S8: 198 | T8: 0.687 | U8: 67 | V8: 321 | W8: 349 | X8: 55 | Y8: 20 | Z8: 144 | AA8: 105 | AB8: 593 | AC8: =IF(Z8=0,"",W8/Z8) -> 2.4236111
A9: Paige Bueckers | B9: DAL | C9: G | D9: 41 | E9: 1346 | F9: 41 | G9: 41 | H9: 1346 | I9: 326 | J9: 639 | K9: 0.51 | L9: 79 | M9: 193 | N9: 0.409 | O9: 247 | P9: 446 | Q9: 0.554 | R9: 122 | S9: 141 | T9: 0.865 | U9: 26 | V9: 169 | W9: 240 | X9: 38 | Y9: 16 | Z9: 89 | AA9: 104 | AB9: 853 | AC9: =IF(Z9=0,"",W9/Z9) -> 2.6966292
A10: Chelsea Gray | B10: LVA | C10: G | D10: 41 | E10: 1338 | F10: 41 | G10: 41 | H10: 1338 | I10: 177 | J10: 407 | K10: 0.435 | L10: 71 | M10: 194 | N10: 0.366 | O10: 106 | P10: 213 | Q10: 0.498 | R10: 64 | S10: 69 | T10: 0.928 | U10: 10 | V10: 135 | W10: 274 | X10: 55 | Y10: 14 | Z10: 110 | AA10: 84 | AB10: 489 | AC10: =IF(Z10=0,"",W10/Z10) -> 2.4909091
A11: Jackie Young | B11: LVA | C11: G | D11: 41 | E11: 1322 | F11: 41 | G11: 41 | H11: 1322 | I11: 285 | J11: 577 | K11: 0.494 | L11: 98 | M11: 251 | N11: 0.39 | O11: 187 | P11: 326 | Q11: 0.574 | R11: 127 | S11: 137 | T11: 0.927 | U11: 30 | V11: 177 | W11: 271 | X11: 35 | Y11: 11 | Z11: 98 | AA11: 87 | AB11: 795 | AC11: =IF(Z11=0,"",W11/Z11) -> 2.7653061
A12: Angel Reese | B12: ATL | C12: F | D12: 42 | E12: 1318 | F12: 42 | G12: 42 | H12: 1318 | I12: 248 | J12: 547 | K12: 0.453 | L12: 11 | M12: 56 | N12: 0.196 | O12: 237 | P12: 491 | Q12: 0.483 | R12: 192 | S12: 267 | T12: 0.719 | U12: 202 | V12: 515 | W12: 117 | X12: 74 | Y12: 32 | Z12: 133 | AA12: 158 | AB12: 699 | AC12: =IF(Z12=0,"",W12/Z12) -> 0.87969925
A13: Jordin Canada | B13: ATL | C13: G | D13: 42 | E13: 1312 | F13: 42 | G13: 42 | H13: 1312 | I13: 159 | J13: 367 | K13: 0.433 | L13: 38 | M13: 132 | N13: 0.288 | O13: 121 | P13: 235 | Q13: 0.515 | R13: 131 | S13: 168 | T13: 0.78 | U13: 29 | V13: 149 | W13: 308 | X13: 81 | Y13: 11 | Z13: 104 | AA13: 106 | AB13: 487 | AC13: =IF(Z13=0,"",W13/Z13) -> 2.9615385
A14: Jessica Shepard | B14: DAL | C14: F | D14: 41 | E14: 1301 | F14: 41 | G14: 41 | H14: 1301 | I14: 239 | J14: 419 | K14: 0.57 | L14: 1 | M14: 11 | N14: 0.091 | O14: 238 | P14: 408 | Q14: 0.583 | R14: 109 | S14: 160 | T14: 0.681 | U14: 117 | V14: 456 | W14: 211 | X14: 29 | Y14: 3 | Z14: 79 | AA14: 84 | AB14: 588 | AC14: =IF(Z14=0,"",W14/Z14) -> 2.6708861
A15: Arike Ogunbowale | B15: DAL | C15: G | D15: 43 | E15: 1286 | F15: 43 | G15: 43 | H15: 1286 | I15: 212 | J15: 527 | K15: 0.402 | L15: 74 | M15: 230 | N15: 0.322 | O15: 138 | P15: 297 | Q15: 0.465 | R15: 151 | S15: 170 | T15: 0.888 | U15: 35 | V15: 130 | W15: 139 | X15: 42 | Y15: 3 | Z15: 68 | AA15: 101 | AB15: 649 | AC15: =IF(Z15=0,"",W15/Z15) -> 2.0441176
... A186: Ta'Niya Latson | B186: TOT | C186: G | D186: 18 | E186: 103 | F186: 18 | G186: 0 | H186: 103 | I186: 15 | J186: 34 | K186: 0.441 | L186: 4 | M186: 10 | N186: 0.4 | O186: 11 | P186: 24 | Q186: 0.458 | R186: 22 | S186: 28 | T186: 0.786 | U186: 4 | V186: 15 | W186: 7 | X186: 1 | Y186: 1 | Z186: 12 | AA186: 10 | AB186: 56 | AC186: =IF(Z186=0,"",W186/Z186) -> 0.58333333
AC223: =IF(Z223=0,"",W223/Z223)
AC224: =IF(Z224=0,"",W224/Z224)
AC225: =IF(Z225=0,"",W225/Z225)
AC226: =IF(Z226=0,"",W226/Z226)
AC227: =IF(Z227=0,"",W227/Z227)
AC228: =IF(Z228=0,"",W228/Z228)
AC229: =IF(Z229=0,"",W229/Z229)
AC230: =IF(Z230=0,"",W230/Z230)
AC231: =IF(Z231=0,"",W231/Z231)
AC232: =IF(Z232=0,"",W232/Z232)
AC233: =IF(Z233=0,"",W233/Z233)
AC234: =IF(Z234=0,"",W234/Z234)
... AC298: =IF(Z298=0,"",W298/Z298)
A300: SOMME | D300: =SUM(D3:D298) -> 6012 | E300: =SUM(E3:E298) -> 125691 | F300: =SUM(F3:F298) -> 6012 | G300: =SUM(G3:G298) -> 3177 | H300: =SUM(H3:H298) -> 125691 | I300: =SUM(I3:I298) -> 19499 | J300: =SUM(J3:J298) -> 42997 | K300: =SUM(K3:K298) -> 81.197 | ... AB300: =SUM(AB3:AB298) -> 54737
A301: TS Moy | D301: =AB300/(2*(J300+0.44*S300)) -> 0.5614254
A302: PPP Moy | D302: =AB300/((J300+0.44*S300+Z300)) -> 0.96166077
A303: 3P% Moy | D303: =L300/M300 -> 0.34138688
A304: 2P% Moy | D304: =O300/P300 -> 0.51951075
A305: FG% Moy | D305: =I300/J300 -> 0.45349676
A306: EFG% Moy | D306: =(I300+0.5*L300)/(J300) -> 0.51675698
A307: FT% Moy | D307: =R300/S300 -> 0.78769796

Sheet PER_GAME_BASIC
A1: DATA | AH1: CENTILE
A2: Player | B2: Team | C2: Pos | D2: G | E2: MP | F2: G | G2: GS | H2: MP | I2: FG | J2: FGA | K2: FG% | L2: 3P | M2: 3PA | N2: 3P% | O2: 2P | P2: 2PA | Q2: 2P% | R2: FT | S2: FTA | T2: FT% | U2: ORB | V2: TRB | W2: AST | X2: STL | Y2: BLK | Z2: TOV | AA2: PF | AB2: PTS | AC2: PPP | AD2: BLK/PF | AE2: PPP+ | AH2: BLK/PF | AI2: PPP+ | AJ2: PTS | AK2: MP | AL2: FT%
A3: Rhyne Howard | B3: ATL | C3: G | D3: 42 | E3: 1438 | F3: 42 | G3: 42 | H3: 34.2 | I3: 5.8 | J3: 14.4 | K3: 0.406 | L3: 3.2 | M3: 8.9 | N3: 0.36 | O3: 2.6 | P3: 5.5 | Q3: 0.481 | R3: 3.1 | S3: 3.6 | T3: 0.862 | U3: 0.7 | V3: 3.8 | W3: 3.7 | X3: 2.3 | Y3: 0.9 | Z3: 1.4 | AA3: 2.9 | AB3: 18 | AC3: =(AB3)/(J3+(0.44*S3)+Z3) -> 1.0354349 | AD3: =Y3/AA3 -> 0.31034483 | AE3: =100*(AC3/TOTAL_BASIC!$D$302) -> 107.67153 | AH3: =(PERCENTRANK(AD$3:AD$298,AD3))*100 -> 80.8 | AI3: =(PERCENTRANK(AE$3:AE$298,AE3))*100 -> 81.4 | AJ3: =(PERCENTRANK(AB$3:AB$298,AB3))*100 -> 92.3 | AK3: =(PERCENTRANK(H$3:H$298,H3))*100 -> 100 | AL3: =(PERCENTRANK(T$3:T$298,T3))*100 -> 77
A4: Allisha Gray | B4: ATL | C4: G | D4: 43 | E4: 1401 | F4: 43 | G4: 43 | H4: 32.6 | I4: 6.3 | J4: 13.7 | K4: 0.462 | L4: 1.8 | M4: 5.4 | N4: 0.33 | O4: 4.5 | P4: 8.3 | Q4: 0.548 | R4: 4.5 | S4: 5.5 | T4: 0.807 | U4: 0.7 | V4: 3.4 | W4: 2.6 | X4: 1.3 | Y4: 0.3 | Z4: 1.5 | AA4: 2.8 | AB4: 18.9 | AC4: =(AB4)/(J4+(0.44*S4)+Z4) -> 1.0726447 | AD4: =Y4/AA4 -> 0.10714286 | AE4: =100*(AC4/TOTAL_BASIC!$D$302) -> 111.54086 | AH4: =(PERCENTRANK(AD$3:AD$298,AD4))*100 -> 38.7 | AI4: =(PERCENTRANK(AE$3:AE$298,AE4))*100 -> 89.6 | AJ4: =(PERCENTRANK(AB$3:AB$298,AB4))*100 -> 94.5 | AK4: =(PERCENTRANK(H$3:H$298,H4))*100 -> 95 | AL4: =(PERCENTRANK(T$3:T$298,T4))*100 -> 51.3
A5: Breanna Stewart | B5: NYL | C5: F | D5: 42 | E5: 1384 | F5: 42 | G5: 42 | H5: 33 | I5: 7.1 | J5: 15.1 | K5: 0.474 | L5: 0.7 | M5: 2.9 | N5: 0.254 | O5: 6.4 | P5: 12.2 | Q5: 0.526 | R5: 5.8 | S5: 6.9 | T5: 0.841 | U5: 1.5 | V5: 8.3 | W5: 3.3 | X5: 1.4 | Y5: 1.3 | Z5: 2 | AA5: 2.1 | AB5: 20.8 | AC5: =(AB5)/(J5+(0.44*S5)+Z5) -> 1.0329758 | AD5: =Y5/AA5 -> 0.61904762 | AE5: =100*(AC5/TOTAL_BASIC!$D$302) -> 107.41582 | AH5: =(PERCENTRANK(AD$3:AD$298,AD5))*100 -> 95 | AI5: =(PERCENTRANK(AE$3:AE$298,AE5))*100 -> 80.3 | AJ5: =(PERCENTRANK(AB$3:AB$298,AB5))*100 -> 96.1 | AK5: =(PERCENTRANK(H$3:H$298,H5))*100 -> 98.3 | AL5: =(PERCENTRANK(T$3:T$298,T5))*100 -> 66.6
A6: Kelsey Mitchell | B6: IND | C6: G | D6: 42 | E6: 1382 | F6: 42 | G6: 42 | H6: 32.9 | I6: 8.9 | J6: 17.2 | K6: 0.515 | L6: 3.1 | M6: 6.8 | N6: 0.456 | O6: 5.7 | P6: 10.4 | Q6: 0.553 | R6: 4.3 | S6: 5.1 | T6: 0.846 | U6: 0.5 | V6: 1.7 | W6: 2.8 | X6: 1.1 | Y6: 0.1 | Z6: 1.7 | AA6: 2.4 | AB6: 25.1 | AC6: =(AB6)/(J6+(0.44*S6)+Z6) -> 1.187098 | AD6: =Y6/AA6 -> 0.041666667 | AE6: =100*(AC6/TOTAL_BASIC!$D$302) -> 123.44249 | AH6: =(PERCENTRANK(AD$3:AD$298,AD6))*100 -> 13.1 | AI6: =(PERCENTRANK(AE$3:AE$298,AE6))*100 -> 98.3 | AJ6: =(PERCENTRANK(AB$3:AB$298,AB6))*100 -> 99.4 | AK6: =(PERCENTRANK(H$3:H$298,H6))*100 -> 97.2 | AL6: =(PERCENTRANK(T$3:T$298,T6))*100 -> 67.7
A7: Kayla McBride | B7: MIN | C7: G | D7: 42 | E7: 1370 | F7: 42 | G7: 42 | H7: 32.6 | I7: 5.8 | J7: 12.8 | K7: 0.456 | L7: 2.9 | M7: 7 | N7: 0.41 | O7: 3 | P7: 5.8 | Q7: 0.512 | R7: 3.4 | S7: 3.7 | T7: 0.923 | U7: 0.6 | V7: 3.1 | W7: 2.2 | X7: 1.7 | Y7: 0.2 | Z7: 1.3 | AA7: 1.9 | AB7: 17.9 | AC7: =(AB7)/(J7+(0.44*S7)+Z7) -> 1.1380977 | AD7: =Y7/AA7 -> 0.10526316 | AE7: =100*(AC7/TOTAL_BASIC!$D$302) -> 118.3471 | AH7: =(PERCENTRANK(AD$3:AD$298,AD7))*100 -> 36.6 | AI7: =(PERCENTRANK(AE$3:AE$298,AE7))*100 -> 96.1 | AJ7: =(PERCENTRANK(AB$3:AB$298,AB7))*100 -> 91.8 | AK7: =(PERCENTRANK(H$3:H$298,H7))*100 -> 95 | AL7: =(PERCENTRANK(T$3:T$298,T7))*100 -> 94.5
A8: Alyssa Thomas | B8: PHO | C8: F | D8: 41 | E8: 1366 | F8: 41 | G8: 41 | H8: 33.3 | I8: 5.6 | J8: 10.6 | K8: 0.524 | L8: 0 | M8: 0.1 | N8: 0.333 | O8: 5.5 | P8: 10.5 | Q8: 0.525 | R8: 3.3 | S8: 4.8 | T8: 0.687 | U8: 1.6 | V8: 7.8 | W8: 8.5 | X8: 1.3 | Y8: 0.5 | Z8: 3.5 | AA8: 2.6 | AB8: 14.5 | AC8: =(AB8)/(J8+(0.44*S8)+Z8) -> 0.89439921 | AD8: =Y8/AA8 -> 0.19230769 | AE8: =100*(AC8/TOTAL_BASIC!$D$302) -> 93.005688 | AH8: =(PERCENTRANK(AD$3:AD$298,AD8))*100 -> 66.6 | AI8: =(PERCENTRANK(AE$3:AE$298,AE8))*100 -> 39.8 | AJ8: =(PERCENTRANK(AB$3:AB$298,AB8))*100 -> 82.5 | AK8: =(PERCENTRANK(H$3:H$298,H8))*100 -> 99.4 | AL8: =(PERCENTRANK(T$3:T$298,T8))*100 -> 19.6
A9: Paige Bueckers | B9: DAL | C9: G | D9: 41 | E9: 1346 | F9: 41 | G9: 41 | H9: 32.8 | I9: 8 | J9: 15.6 | K9: 0.51 | L9: 1.9 | M9: 4.7 | N9: 0.409 | O9: 6 | P9: 10.9 | Q9: 0.554 | R9: 3 | S9: 3.4 | T9: 0.865 | U9: 0.6 | V9: 4.1 | W9: 5.9 | X9: 0.9 | Y9: 0.4 | Z9: 2.2 | AA9: 2.5 | AB9: 20.8 | AC9: =(AB9)/(J9+(0.44*S9)+Z9) -> 1.0779436 | AD9: =Y9/AA9 -> 0.16 | AE9: =100*(AC9/TOTAL_BASIC!$D$302) -> 112.09188 | AH9: =(PERCENTRANK(AD$3:AD$298,AD9))*100 -> 57.9 | AI9: =(PERCENTRANK(AE$3:AE$298,AE9))*100 -> 90.1 | AJ9: =(PERCENTRANK(AB$3:AB$298,AB9))*100 -> 96.1 | AK9: =(PERCENTRANK(H$3:H$298,H9))*100 -> 96.7 | AL9: =(PERCENTRANK(T$3:T$298,T9))*100 -> 78.6
A10: Chelsea Gray | B10: LVA | C10: G | D10: 41 | E10: 1338 | F10: 41 | G10: 41 | H10: 32.6 | I10: 4.3 | J10: 9.9 | K10: 0.435 | L10: 1.7 | M10: 4.7 | N10: 0.366 | O10: 2.6 | P10: 5.2 | Q10: 0.498 | R10: 1.6 | S10: 1.7 | T10: 0.928 | U10: 0.2 | V10: 3.3 | W10: 6.7 | X10: 1.3 | Y10: 0.3 | Z10: 2.7 | AA10: 2 | AB10: 11.9 | AC10: =(AB10)/(J10+(0.44*S10)+Z10) -> 0.89151933 | AD10: =Y10/AA10 -> 0.15 | AE10: =100*(AC10/TOTAL_BASIC!$D$302) -> 92.706218 | AH10: =(PERCENTRANK(AD$3:AD$298,AD10))*100 -> 54.6 | AI10: =(PERCENTRANK(AE$3:AE$298,AE10))*100 -> 38.7 | AJ10: =(PERCENTRANK(AB$3:AB$298,AB10))*100 -> 73.2 | AK10: =(PERCENTRANK(H$3:H$298,H10))*100 -> 95 | AL10: =(PERCENTRANK(T$3:T$298,T10))*100 -> 95.6
A11: Jackie Young | B11: LVA | C11: G | D11: 41 | E11: 1322 | F11: 41 | G11: 41 | H11: 32.2 | I11: 7 | J11: 14.1 | K11: 0.494 | L11: 2.4 | M11: 6.1 | N11: 0.39 | O11: 4.6 | P11: 8 | Q11: 0.574 | R11: 3.1 | S11: 3.3 | T11: 0.927 | U11: 0.7 | V11: 4.3 | W11: 6.6 | X11: 0.9 | Y11: 0.3 | Z11: 2.4 | AA11: 2.1 | AB11: 19.4 | AC11: =(AB11)/(J11+(0.44*S11)+Z11) -> 1.0806595 | AD11: =Y11/AA11 -> 0.14285714 | AE11: =100*(AC11/TOTAL_BASIC!$D$302) -> 112.3743 | AH11: =(PERCENTRANK(AD$3:AD$298,AD11))*100 -> 52.4 | AI11: =(PERCENTRANK(AE$3:AE$298,AE11))*100 -> 90.7 | AJ11: =(PERCENTRANK(AB$3:AB$298,AB11))*100 -> 95 | AK11: =(PERCENTRANK(H$3:H$298,H11))*100 -> 94.5 | AL11: =(PERCENTRANK(T$3:T$298,T11))*100 -> 95
A12: Angel Reese | B12: ATL | C12: F | D12: 42 | E12: 1318 | F12: 42 | G12: 42 | H12: 31.4 | I12: 5.9 | J12: 13 | K12: 0.453 | L12: 0.3 | M12: 1.3 | N12: 0.196 | O12: 5.6 | P12: 11.7 | Q12: 0.483 | R12: 4.6 | S12: 6.4 | T12: 0.719 | U12: 4.8 | V12: 12.3 | W12: 2.8 | X12: 1.8 | Y12: 0.8 | Z12: 3.2 | AA12: 3.8 | AB12: 16.6 | AC12: =(AB12)/(J12+(0.44*S12)+Z12) -> 0.8729491 | AD12: =Y12/AA12 -> 0.21052632 | AE12: =100*(AC12/TOTAL_BASIC!$D$302) -> 90.77516 | AH12: =(PERCENTRANK(AD$3:AD$298,AD12))*100 -> 68.8 | AI12: =(PERCENTRANK(AE$3:AE$298,AE12))*100 -> 31.6 | AJ12: =(PERCENTRANK(AB$3:AB$298,AB12))*100 -> 89 | AK12: =(PERCENTRANK(H$3:H$298,H12))*100 -> 91.8 | AL12: =(PERCENTRANK(T$3:T$298,T12))*100 -> 26.7
A13: Jordin Canada | B13: ATL | C13: G | D13: 42 | E13: 1312 | F13: 42 | G13: 42 | H13: 31.2 | I13: 3.8 | J13: 8.7 | K13: 0.433 | L13: 0.9 | M13: 3.1 | N13: 0.288 | O13: 2.9 | P13: 5.6 | Q13: 0.515 | R13: 3.1 | S13: 4 | T13: 0.78 | U13: 0.7 | V13: 3.5 | W13: 7.3 | X13: 1.9 | Y13: 0.3 | Z13: 2.5 | AA13: 2.5 | AB13: 11.6 | AC13: =(AB13)/(J13+(0.44*S13)+Z13) -> 0.89506173 | AD13: =Y13/AA13 -> 0.12 | AE13: =100*(AC13/TOTAL_BASIC!$D$302) -> 93.074581 | AH13: =(PERCENTRANK(AD$3:AD$298,AD13))*100 -> 42 | AI13: =(PERCENTRANK(AE$3:AE$298,AE13))*100 -> 40.4 | AJ13: =(PERCENTRANK(AB$3:AB$298,AB13))*100 -> 71.5 | AK13: =(PERCENTRANK(H$3:H$298,H13))*100 -> 91.2 | AL13: =(PERCENTRANK(T$3:T$298,T13))*100 -> 43.1
A14: Jessica Shepard | B14: DAL | C14: F | D14: 41 | E14: 1301 | F14: 41 | G14: 41 | H14: 31.7 | I14: 5.8 | J14: 10.2 | K14: 0.57 | L14: 0 | M14: 0.3 | N14: 0.091 | O14: 5.8 | P14: 10 | Q14: 0.583 | R14: 2.7 | S14: 3.9 | T14: 0.681 | U14: 2.9 | V14: 11.1 | W14: 5.1 | X14: 0.7 | Y14: 0.1 | Z14: 1.9 | AA14: 2 | AB14: 14.3 | AC14: =(AB14)/(J14+(0.44*S14)+Z14) -> 1.0350318 | AD14: =Y14/AA14 -> 0.05 | AE14: =100*(AC14/TOTAL_BASIC!$D$302) -> 107.62962 | AH14: =(PERCENTRANK(AD$3:AD$298,AD14))*100 -> 16.3 | AI14: =(PERCENTRANK(AE$3:AE$298,AE14))*100 -> 80.8 | AJ14: =(PERCENTRANK(AB$3:AB$298,AB14))*100 -> 80.3 | AK14: =(PERCENTRANK(H$3:H$298,H14))*100 -> 92.8 | AL14: =(PERCENTRANK(T$3:T$298,T14))*100 -> 18
... A186: Ta'Niya Latson | B186: TOT | C186: G | D186: 18 | E186: 103 | F186: 18 | G186: 0 | H186: 5.7 | I186: 0.8 | J186: 1.9 | K186: 0.441 | L186: 0.2 | M186: 0.6 | N186: 0.4 | O186: 0.6 | P186: 1.3 | Q186: 0.458 | R186: 1.2 | S186: 1.6 | T186: 0.786 | U186: 0.2 | V186: 0.8 | W186: 0.4 | X186: 0.1 | Y186: 0.1 | Z186: 0.7 | AA186: 0.6 | AB186: 3.1 | AC186: =(AB186)/(J186+(0.44*S186)+Z186) -> 0.93825666 | AD186: =Y186/AA186 -> 0.16666667 | AE186: =100*(AC186/TOTAL_BASIC!$D$302) -> 97.566282 | AH186: =(PERCENTRANK(AD$3:AD$298,AD186))*100 -> 60.6 | AI186: =(PERCENTRANK(AE$3:AE$298,AE186))*100 -> 52.4 | AJ186: =(PERCENTRANK(AB$3:AB$298,AB186))*100 -> 9.8 | AK186: =(PERCENTRANK(H$3:H$298,H186))*100 -> 1.6 | AL186: =(PERCENTRANK(T$3:T$298,T186))*100 -> 44.8

Sheet ADVANCED
A1: DATA | AI1: CENTILE
A2: Player | B2: Team | C2: Pos | D2: G | E2: MP | F2: G | G2: MP | H2: PER | I2: TS% | J2: eFG% | K2: 3PAr | L2: FTr | M2: ORB% | N2: TRB% | O2: AST% | P2: STL% | Q2: BLK% | R2: TOV% | S2: USG% | T2: ORtg | U2: DRtg | W2: OWS | X2: DWS | Y2: WS | Z2: WS/40 | AA2: TS+ | AB2: PPP (100 poss) | AC2: NRtg | AD2: PPSA | AE2: AST:USG | AF2: AST:TO | AI2: G | AJ2: MP | AK2: PER | AL2: TS% | AM2: eFG% | AN2: 3PAr | AO2: FTr | AP2: ORB% | AQ2: TRB% | AR2: AST% | AS2: STL% | AT2: BLK% | AU2: TOV% | AV2: USG% | AW2: ORtg | AX2: DRtg | AZ2: OWS | BA2: DWS | BB2: WS | BC2: WS/40 | BD2: TS+ | BE2: PPP (100 poss) | BF2: NRtg | BG2: PPSA | BH2: AST:USG | BI2: AST:TO
A3: Rhyne Howard | B3: ATL | C3: G | D3: 42 | E3: 1438 | F3: 42 | G3: 1438 | H3: 18.9 | I3: 0.564 | J3: 0.517 | K3: 0.617 | L3: 0.252 | M3: 2.4 | N3: 6.8 | O3: 17.3 | P3: 3.3 | Q3: 2.6 | R3: 8 | S3: 21.4 | T3: 119 | U3: 103 | W3: 3.8 | X3: 3.1 | Y3: 7 | Z3: 0.194 | AA3: =(I3/TOTAL_BASIC!$D$301)*100 -> 100.45858 | AB3: =(T3/100) -> 1.19 | AC3: =T3-U3 -> 16 | AD3: =2*I3 -> 1.128 | AE3: =IF(S3=0,0,O3/S3) -> 0.80841121 | AF3: =IF(R3=0,0,O3/R3) -> 2.1625 | AI3: =(PERCENTRANK(F$3:F$298,F3))*100 -> 83 | AJ3: =(PERCENTRANK(G$3:G$298,G3))*100 -> 100 | AK3: =(PERCENTRANK(H$3:H$298,H3))*100 -> 78.6 | AL3: =(PERCENTRANK(I$3:I$298,I3))*100 -> 58.4 | AM3: =(PERCENTRANK(J$3:J$298,J3))*100 -> 51.9 | AN3: =(PERCENTRANK(K$3:K$298,K3))*100 -> 85.7 | AO3: =(PERCENTRANK(L$3:L$298,L3))*100 -> 41.5 | AP3: =(PERCENTRANK(M$3:M$298,M3))*100 -> 25.6 | ... AT3: =(PERCENTRANK(Q$3:Q$298,Q3))*100 -> 74.8 | AU3: =100-(PERCENTRANK(R$3:R$298,R3))*100 -> 95.1 | AV3: =(PERCENTRANK(S$3:S$298,S3))*100 -> 68.3 | AW3: =(PERCENTRANK(T$3:T$298,T3))*100 -> 83.6 | AX3: =100-(PERCENTRANK(U$3:U$298,U3))*100 -> 92.4 | AZ3: =(PERCENTRANK(W$3:W$298,W3))*100 -> 93.4 | BA3: =(PERCENTRANK(X$3:X$298,X3))*100 -> 99.4 | BB3: =(PERCENTRANK(Y$3:Y$298,Y3))*100 -> 97.8 | BC3: =(PERCENTRANK(Z$3:Z$298,Z3))*100 -> 92.3 | BD3: =(PERCENTRANK(AA$3:AA$298,AA3))*100 -> 58.4 | BE3: =(PERCENTRANK(AB$3:AB$298,AB3))*100 -> 83.6 | BF3: =(PERCENTRANK(AC$3:AC$298,AC3))*100 -> 92.8 | BG3: =(PERCENTRANK(AD$3:AD$298,AD3))*100 -> 58.4 | ... BI3: =(PERCENTRANK(AF$3:AF$298,AF3))*100 -> 96.7
A4: Allisha Gray | B4: ATL | C4: G | D4: 43 | E4: 1401 | F4: 43 | G4: 1401 | H4: 18.1 | I4: 0.586 | J4: 0.527 | K4: 0.396 | L4: 0.404 | M4: 2.4 | N4: 6.4 | O4: 13.4 | P4: 2 | Q4: 1 | R4: 8.6 | S4: 22.9 | T4: 119 | U4: 107 | W4: 4.1 | X4: 2.2 | Y4: 6.3 | Z4: 0.179 | AA4: =(I4/TOTAL_BASIC!$D$301)*100 -> 104.37718 | AB4: =(T4/100) -> 1.19 | AC4: =T4-U4 -> 12 | AD4: =2*I4 -> 1.172 | AE4: =IF(S4=0,0,O4/S4) -> 0.58515284 | AF4: =IF(R4=0,0,O4/R4) -> 1.5581395 | AI4: =(PERCENTRANK(F$3:F$298,F4))*100 -> 96.7 | AJ4: =(PERCENTRANK(G$3:G$298,G4))*100 -> 99.4 | AK4: =(PERCENTRANK(H$3:H$298,H4))*100 -> 77.5 | AL4: =(PERCENTRANK(I$3:I$298,I4))*100 -> 69.3 | AM4: =(PERCENTRANK(J$3:J$298,J4))*100 -> 61.2 | AN4: =(PERCENTRANK(K$3:K$298,K4))*100 -> 46.9 | AO4: =(PERCENTRANK(L$3:L$298,L4))*100 -> 78.1 | AP4: =(PERCENTRANK(M$3:M$298,M4))*100 -> 25.6 | ... AT4: =(PERCENTRANK(Q$3:Q$298,Q4))*100 -> 40.9 | AU4: =100-(PERCENTRANK(R$3:R$298,R4))*100 -> 92.4 | AV4: =(PERCENTRANK(S$3:S$298,S4))*100 -> 75.9 | AW4: =(PERCENTRANK(T$3:T$298,T4))*100 -> 83.6 | AX4: =100-(PERCENTRANK(U$3:U$298,U4))*100 -> 78.2 | AZ4: =(PERCENTRANK(W$3:W$298,W4))*100 -> 95 | BA4: =(PERCENTRANK(X$3:X$298,X4))*100 -> 92.3 | BB4: =(PERCENTRANK(Y$3:Y$298,Y4))*100 -> 94.5 | BC4: =(PERCENTRANK(Z$3:Z$298,Z4))*100 -> 88.5 | BD4: =(PERCENTRANK(AA$3:AA$298,AA4))*100 -> 69.3 | BE4: =(PERCENTRANK(AB$3:AB$298,AB4))*100 -> 83.6 | BF4: =(PERCENTRANK(AC$3:AC$298,AC4))*100 -> 84.6 | BG4: =(PERCENTRANK(AD$3:AD$298,AD4))*100 -> 69.3 | ... BI4: =(PERCENTRANK(AF$3:AF$298,AF4))*100 -> 82.5
A5: Breanna Stewart | B5: NYL | C5: F | D5: 42 | E5: 1384 | F5: 42 | G5: 1384 | H5: 23.9 | I5: 0.575 | J5: 0.498 | K5: 0.193 | L5: 0.458 | M5: 5.9 | N5: 15.1 | O5: 17.7 | P5: 2.1 | Q5: 3.5 | R5: 10.1 | S5: 27.2 | T5: 117 | U5: 105 | W5: 4.4 | X5: 2.6 | Y5: 7.1 | Z5: 0.204 | AA5: =(I5/TOTAL_BASIC!$D$301)*100 -> 102.41788 | AB5: =(T5/100) -> 1.17 | AC5: =T5-U5 -> 12 | AD5: =2*I5 -> 1.15 | AE5: =IF(S5=0,0,O5/S5) -> 0.65073529 | AF5: =IF(R5=0,0,O5/R5) -> 1.7524752 | AI5: =(PERCENTRANK(F$3:F$298,F5))*100 -> 83 | AJ5: =(PERCENTRANK(G$3:G$298,G5))*100 -> 98.9 | AK5: =(PERCENTRANK(H$3:H$298,H5))*100 -> 98.3 | AL5: =(PERCENTRANK(I$3:I$298,I5))*100 -> 62.8 | AM5: =(PERCENTRANK(J$3:J$298,J5))*100 -> 43.1 | AN5: =(PERCENTRANK(K$3:K$298,K5))*100 -> 14.7 | AO5: =(PERCENTRANK(L$3:L$298,L5))*100 -> 87.4 | AP5: =(PERCENTRANK(M$3:M$298,M5))*100 -> 63.9 | ... AT5: =(PERCENTRANK(Q$3:Q$298,Q5))*100 -> 84.6 | AU5: =100-(PERCENTRANK(R$3:R$298,R5))*100 -> 89.1 | AV5: =(PERCENTRANK(S$3:S$298,S5))*100 -> 90.1 | AW5: =(PERCENTRANK(T$3:T$298,T5))*100 -> 78.6 | AX5: =100-(PERCENTRANK(U$3:U$298,U5))*100 -> 85.8 | AZ5: =(PERCENTRANK(W$3:W$298,W5))*100 -> 96.7 | BA5: =(PERCENTRANK(X$3:X$298,X5))*100 -> 96.1 | BB5: =(PERCENTRANK(Y$3:Y$298,Y5))*100 -> 98.3 | BC5: =(PERCENTRANK(Z$3:Z$298,Z5))*100 -> 95 | BD5: =(PERCENTRANK(AA$3:AA$298,AA5))*100 -> 62.8 | BE5: =(PERCENTRANK(AB$3:AB$298,AB5))*100 -> 78.6 | BF5: =(PERCENTRANK(AC$3:AC$298,AC5))*100 -> 84.6 | BG5: =(PERCENTRANK(AD$3:AD$298,AD5))*100 -> 62.8 | ... BI5: =(PERCENTRANK(AF$3:AF$298,AF5))*100 -> 88.5
A6: Kelsey Mitchell | B6: IND | C6: G | D6: 42 | E6: 1382 | F6: 42 | G6: 1382 | H6: 23.8 | I6: 0.646 | J6: 0.605 | K6: 0.397 | L6: 0.296 | M6: 2 | N6: 3.2 | O6: 14.7 | P6: 1.6 | Q6: 0.3 | R6: 8.1 | S6: 28.2 | T6: 126 | U6: 115 | W6: 6.6 | X6: 0.6 | Y6: 7.2 | Z6: 0.207 | AA6: =(I6/TOTAL_BASIC!$D$301)*100 -> 115.06426 | AB6: =(T6/100) -> 1.26 | AC6: =T6-U6 -> 11 | AD6: =2*I6 -> 1.292 | AE6: =IF(S6=0,0,O6/S6) -> 0.5212766 | AF6: =IF(R6=0,0,O6/R6) -> 1.8148148 | AI6: =(PERCENTRANK(F$3:F$298,F6))*100 -> 83 | AJ6: =(PERCENTRANK(G$3:G$298,G6))*100 -> 98.3 | AK6: =(PERCENTRANK(H$3:H$298,H6))*100 -> 97.8 | AL6: =(PERCENTRANK(I$3:I$298,I6))*100 -> 95.6 | AM6: =(PERCENTRANK(J$3:J$298,J6))*100 -> 94.5 | AN6: =(PERCENTRANK(K$3:K$298,K6))*100 -> 48 | AO6: =(PERCENTRANK(L$3:L$298,L6))*100 -> 54.6 | AP6: =(PERCENTRANK(M$3:M$298,M6))*100 -> 15.3 | ... AT6: =(PERCENTRANK(Q$3:Q$298,Q6))*100 -> 9.2 | AU6: =100-(PERCENTRANK(R$3:R$298,R6))*100 -> 94.6 | AV6: =(PERCENTRANK(S$3:S$298,S6))*100 -> 93.4 | AW6: =(PERCENTRANK(T$3:T$298,T6))*100 -> 96.1 | AX6: =100-(PERCENTRANK(U$3:U$298,U6))*100 -> 18.6 | AZ6: =(PERCENTRANK(W$3:W$298,W6))*100 -> 100 | BA6: =(PERCENTRANK(X$3:X$298,X6))*100 -> 47.5 | BB6: =(PERCENTRANK(Y$3:Y$298,Y6))*100 -> 99.4 | BC6: =(PERCENTRANK(Z$3:Z$298,Z6))*100 -> 96.7 | BD6: =(PERCENTRANK(AA$3:AA$298,AA6))*100 -> 95.6 | BE6: =(PERCENTRANK(AB$3:AB$298,AB6))*100 -> 96.1 | BF6: =(PERCENTRANK(AC$3:AC$298,AC6))*100 -> 81.4 | BG6: =(PERCENTRANK(AD$3:AD$298,AD6))*100 -> 95.6 | ... BI6: =(PERCENTRANK(AF$3:AF$298,AF6))*100 -> 89.6
A7: Kayla McBride | B7: MIN | C7: G | D7: 42 | E7: 1370 | F7: 42 | G7: 1370 | H7: 19.2 | I7: 0.622 | J7: 0.568 | K7: 0.546 | L7: 0.289 | M7: 2.2 | N7: 5.7 | O7: 10.2 | P7: 2.6 | Q7: 0.7 | R7: 8.2 | S7: 21.2 | T7: 125 | U7: 108 | W7: 4.6 | X7: 2 | Y7: 6.6 | Z7: 0.192 | AA7: =(I7/TOTAL_BASIC!$D$301)*100 -> 110.78943 | AB7: =(T7/100) -> 1.25 | AC7: =T7-U7 -> 17 | AD7: =2*I7 -> 1.244 | AE7: =IF(S7=0,0,O7/S7) -> 0.48113208 | AF7: =IF(R7=0,0,O7/R7) -> 1.2439024 | AI7: =(PERCENTRANK(F$3:F$298,F7))*100 -> 83 | AJ7: =(PERCENTRANK(G$3:G$298,G7))*100 -> 97.8 | AK7: =(PERCENTRANK(H$3:H$298,H7))*100 -> 81.4 | AL7: =(PERCENTRANK(I$3:I$298,I7))*100 -> 87.9 | AM7: =(PERCENTRANK(J$3:J$298,J7))*100 -> 82.5 | AN7: =(PERCENTRANK(K$3:K$298,K7))*100 -> 80.3 | AO7: =(PERCENTRANK(L$3:L$298,L7))*100 -> 52.4 | AP7: =(PERCENTRANK(M$3:M$298,M7))*100 -> 19.6 | ... AT7: =(PERCENTRANK(Q$3:Q$298,Q7))*100 -> 24 | AU7: =100-(PERCENTRANK(R$3:R$298,R7))*100 -> 94 | AV7: =(PERCENTRANK(S$3:S$298,S7))*100 -> 66.6 | AW7: =(PERCENTRANK(T$3:T$298,T7))*100 -> 95.6 | AX7: =100-(PERCENTRANK(U$3:U$298,U7))*100 -> 71.1 | AZ7: =(PERCENTRANK(W$3:W$298,W7))*100 -> 97.2 | BA7: =(PERCENTRANK(X$3:X$298,X7))*100 -> 89.6 | BB7: =(PERCENTRANK(Y$3:Y$298,Y7))*100 -> 96.1 | BC7: =(PERCENTRANK(Z$3:Z$298,Z7))*100 -> 90.7 | BD7: =(PERCENTRANK(AA$3:AA$298,AA7))*100 -> 87.9 | BE7: =(PERCENTRANK(AB$3:AB$298,AB7))*100 -> 95.6 | BF7: =(PERCENTRANK(AC$3:AC$298,AC7))*100 -> 95 | BG7: =(PERCENTRANK(AD$3:AD$298,AD7))*100 -> 87.9 | ... BI7: =(PERCENTRANK(AF$3:AF$298,AF7))*100 -> 69.9
A8: Alyssa Thomas | B8: PHO | C8: F | D8: 41 | E8: 1366 | F8: 41 | G8: 1366 | H8: 20.1 | I8: 0.568 | J8: 0.525 | K8: 0.007 | L8: 0.455 | M8: 6 | N8: 14.4 | O8: 45.7 | P8: 2 | Q8: 1.4 | R8: 21.6 | S8: 22.1 | T8: 111 | U8: 109 | W8: 2.5 | X8: 1.8 | Y8: 4.3 | Z8: 0.127 | AA8: =(I8/TOTAL_BASIC!$D$301)*100 -> 101.17106 | AB8: =(T8/100) -> 1.11 | AC8: =T8-U8 -> 2 | AD8: =2*I8 -> 1.136 | AE8: =IF(S8=0,0,O8/S8) -> 2.0678733 | AF8: =IF(R8=0,0,O8/R8) -> 2.1157407 | AI8: =(PERCENTRANK(F$3:F$298,F8))*100 -> 69.3 | AJ8: =(PERCENTRANK(G$3:G$298,G8))*100 -> 97.2 | AK8: =(PERCENTRANK(H$3:H$298,H8))*100 -> 86.3 | AL8: =(PERCENTRANK(I$3:I$298,I8))*100 -> 60.6 | AM8: =(PERCENTRANK(J$3:J$298,J8))*100 -> 60.1 | AN8: =(PERCENTRANK(K$3:K$298,K8))*100 -> 2.7 | AO8: =(PERCENTRANK(L$3:L$298,L8))*100 -> 86.8 | AP8: =(PERCENTRANK(M$3:M$298,M8))*100 -> 65.5 | ... AT8: =(PERCENTRANK(Q$3:Q$298,Q8))*100 -> 53.5 | AU8: =100-(PERCENTRANK(R$3:R$298,R8))*100 -> 8.8 | AV8: =(PERCENTRANK(S$3:S$298,S8))*100 -> 72.6 | AW8: =(PERCENTRANK(T$3:T$298,T8))*100 -> 65 | AX8: =100-(PERCENTRANK(U$3:U$298,U8))*100 -> 66.2 | AZ8: =(PERCENTRANK(W$3:W$298,W8))*100 -> 86.3 | BA8: =(PERCENTRANK(X$3:X$298,X8))*100 -> 87.4 | BB8: =(PERCENTRANK(Y$3:Y$298,Y8))*100 -> 86.8 | BC8: =(PERCENTRANK(Z$3:Z$298,Z8))*100 -> 74.3 | BD8: =(PERCENTRANK(AA$3:AA$298,AA8))*100 -> 60.6 | BE8: =(PERCENTRANK(AB$3:AB$298,AB8))*100 -> 65 | BF8: =(PERCENTRANK(AC$3:AC$298,AC8))*100 -> 65 | BG8: =(PERCENTRANK(AD$3:AD$298,AD8))*100 -> 60.6 | ... BI8: =(PERCENTRANK(AF$3:AF$298,AF8))*100 -> 95.6
A9: Paige Bueckers | B9: DAL | C9: G | D9: 41 | E9: 1346 | F9: 41 | G9: 1346 | H9: 22.9 | I9: 0.608 | J9: 0.572 | K9: 0.302 | L9: 0.221 | M9: 2.3 | N9: 7.4 | O9: 30.7 | P9: 1.4 | Q9: 1.1 | R9: 11.3 | S9: 26.2 | T9: 120 | U9: 110 | W9: 5 | X9: 1.5 | Y9: 6.5 | Z9: 0.193 | AA9: =(I9/TOTAL_BASIC!$D$301)*100 -> 108.29578 | AB9: =(T9/100) -> 1.2 | AC9: =T9-U9 -> 10 | AD9: =2*I9 -> 1.216 | AE9: =IF(S9=0,0,O9/S9) -> 1.1717557 | AF9: =IF(R9=0,0,O9/R9) -> 2.7168142 | AI9: =(PERCENTRANK(F$3:F$298,F9))*100 -> 69.3 | AJ9: =(PERCENTRANK(G$3:G$298,G9))*100 -> 96.7 | AK9: =(PERCENTRANK(H$3:H$298,H9))*100 -> 96.1 | AL9: =(PERCENTRANK(I$3:I$298,I9))*100 -> 81.9 | AM9: =(PERCENTRANK(J$3:J$298,J9))*100 -> 85.2 | AN9: =(PERCENTRANK(K$3:K$298,K9))*100 -> 30.6 | AO9: =(PERCENTRANK(L$3:L$298,L9))*100 -> 31.6 | AP9: =(PERCENTRANK(M$3:M$298,M9))*100 -> 22.9 | ... AT9: =(PERCENTRANK(Q$3:Q$298,Q9))*100 -> 43.7 | AU9: =100-(PERCENTRANK(R$3:R$298,R9))*100 -> 79.3 | AV9: =(PERCENTRANK(S$3:S$298,S9))*100 -> 87.9 | AW9: =(PERCENTRANK(T$3:T$298,T9))*100 -> 85.2 | AX9: =100-(PERCENTRANK(U$3:U$298,U9))*100 -> 56.3 | AZ9: =(PERCENTRANK(W$3:W$298,W9))*100 -> 98.3 | BA9: =(PERCENTRANK(X$3:X$298,X9))*100 -> 81.4 | BB9: =(PERCENTRANK(Y$3:Y$298,Y9))*100 -> 95 | BC9: =(PERCENTRANK(Z$3:Z$298,Z9))*100 -> 91.2 | BD9: =(PERCENTRANK(AA$3:AA$298,AA9))*100 -> 81.9 | BE9: =(PERCENTRANK(AB$3:AB$298,AB9))*100 -> 85.2 | BF9: =(PERCENTRANK(AC$3:AC$298,AC9))*100 -> 78.1 | BG9: =(PERCENTRANK(AD$3:AD$298,AD9))*100 -> 81.9 | ... BI9: =(PERCENTRANK(AF$3:AF$298,AF9))*100 -> 99.4
A10: Chelsea Gray | B10: LVA | C10: G | D10: 41 | E10: 1338 | F10: 41 | G10: 1338 | H10: 14.4 | I10: 0.559 | J10: 0.522 | K10: 0.477 | L10: 0.17 | M10: 0.9 | N10: 6.1 | O10: 29.7 | P10: 2.1 | Q10: 0.9 | R10: 20.1 | S10: 18.5 | T10: 108 | U10: 109 | W10: 1.5 | X10: 1.7 | Y10: 3.1 | Z10: 0.094 | AA10: =(I10/TOTAL_BASIC!$D$301)*100 -> 99.567993 | AB10: =(T10/100) -> 1.08 | AC10: =T10-U10 -> -1 | AD10: =2*I10 -> 1.118 | AE10: =IF(S10=0,0,O10/S10) -> 1.6054054 | AF10: =IF(R10=0,0,O10/R10) -> 1.4776119 | AI10: =(PERCENTRANK(F$3:F$298,F10))*100 -> 69.3 | AJ10: =(PERCENTRANK(G$3:G$298,G10))*100 -> 96.1 | AK10: =(PERCENTRANK(H$3:H$298,H10))*100 -> 57.3 | AL10: =(PERCENTRANK(I$3:I$298,I10))*100 -> 53 | AM10: =(PERCENTRANK(J$3:J$298,J10))*100 -> 56.2 | AN10: =(PERCENTRANK(K$3:K$298,K10))*100 -> 63.3 | AO10: =(PERCENTRANK(L$3:L$298,L10))*100 -> 18 | AP10: =(PERCENTRANK(M$3:M$298,M10))*100 -> 2.7 | ... AT10: =(PERCENTRANK(Q$3:Q$298,Q10))*100 -> 34.4 | AU10: =100-(PERCENTRANK(R$3:R$298,R10))*100 -> 13.2 | AV10: =(PERCENTRANK(S$3:S$298,S10))*100 -> 51.3 | AW10: =(PERCENTRANK(T$3:T$298,T10))*100 -> 54.6 | AX10: =100-(PERCENTRANK(U$3:U$298,U10))*100 -> 66.2 | AZ10: =(PERCENTRANK(W$3:W$298,W10))*100 -> 76.5 | BA10: =(PERCENTRANK(X$3:X$298,X10))*100 -> 84.6 | BB10: =(PERCENTRANK(Y$3:Y$298,Y10))*100 -> 80.8 | BC10: =(PERCENTRANK(Z$3:Z$298,Z10))*100 -> 61.7 | BD10: =(PERCENTRANK(AA$3:AA$298,AA10))*100 -> 53 | BE10: =(PERCENTRANK(AB$3:AB$298,AB10))*100 -> 54.6 | BF10: =(PERCENTRANK(AC$3:AC$298,AC10))*100 -> 58.4 | BG10: =(PERCENTRANK(AD$3:AD$298,AD10))*100 -> 53 | ... BI10: =(PERCENTRANK(AF$3:AF$298,AF10))*100 -> 78.1
A11: Jackie Young | B11: LVA | C11: G | D11: 41 | E11: 1322 | F11: 41 | G11: 1322 | H11: 22.8 | I11: 0.624 | J11: 0.579 | K11: 0.435 | L11: 0.237 | M11: 2.8 | N11: 8 | O11: 33.9 | P11: 1.3 | Q11: 0.8 | R11: 13.3 | S11: 25.1 | T11: 122 | U11: 110 | W11: 5.3 | X11: 1.4 | Y11: 6.7 | Z11: 0.202 | AA11: =(I11/TOTAL_BASIC!$D$301)*100 -> 111.14567 | AB11: =(T11/100) -> 1.22 | AC11: =T11-U11 -> 12 | AD11: =2*I11 -> 1.248 | AE11: =IF(S11=0,0,O11/S11) -> 1.3505976 | AF11: =IF(R11=0,0,O11/R11) -> 2.5488722 | AI11: =(PERCENTRANK(F$3:F$298,F11))*100 -> 69.3 | AJ11: =(PERCENTRANK(G$3:G$298,G11))*100 -> 95.6 | AK11: =(PERCENTRANK(H$3:H$298,H11))*100 -> 95.6 | AL11: =(PERCENTRANK(I$3:I$298,I11))*100 -> 89.6 | AM11: =(PERCENTRANK(J$3:J$298,J11))*100 -> 87.4 | AN11: =(PERCENTRANK(K$3:K$298,K11))*100 -> 56.2 | AO11: =(PERCENTRANK(L$3:L$298,L11))*100 -> 37.7 | AP11: =(PERCENTRANK(M$3:M$298,M11))*100 -> 30 | ... AT11: =(PERCENTRANK(Q$3:Q$298,Q11))*100 -> 28.4 | AU11: =100-(PERCENTRANK(R$3:R$298,R11))*100 -> 64.5 | AV11: =(PERCENTRANK(S$3:S$298,S11))*100 -> 84.1 | AW11: =(PERCENTRANK(T$3:T$298,T11))*100 -> 89 | AX11: =100-(PERCENTRANK(U$3:U$298,U11))*100 -> 56.3 | AZ11: =(PERCENTRANK(W$3:W$298,W11))*100 -> 98.9 | BA11: =(PERCENTRANK(X$3:X$298,X11))*100 -> 78.1 | BB11: =(PERCENTRANK(Y$3:Y$298,Y11))*100 -> 96.7 | BC11: =(PERCENTRANK(Z$3:Z$298,Z11))*100 -> 94.5 | BD11: =(PERCENTRANK(AA$3:AA$298,AA11))*100 -> 89.6 | BE11: =(PERCENTRANK(AB$3:AB$298,AB11))*100 -> 89 | BF11: =(PERCENTRANK(AC$3:AC$298,AC11))*100 -> 84.6 | BG11: =(PERCENTRANK(AD$3:AD$298,AD11))*100 -> 89.6 | ... BI11: =(PERCENTRANK(AF$3:AF$298,AF11))*100 -> 98.9
A12: Angel Reese | B12: ATL | C12: F | D12: 42 | E12: 1318 | F12: 42 | G12: 1318 | H12: 20.6 | I12: 0.526 | J12: 0.463 | K12: 0.102 | L12: 0.488 | M12: 17.5 | N12: 23.6 | O12: 14.8 | P12: 2.8 | Q12: 2.3 | R12: 16.7 | S12: 25.6 | T12: 107 | U12: 101 | W12: 1.7 | X12: 3.3 | Y12: 5 | Z12: 0.151 | AA12: =(I12/TOTAL_BASIC!$D$301)*100 -> 93.690097 | AB12: =(T12/100) -> 1.07 | AC12: =T12-U12 -> 6 | AD12: =2*I12 -> 1.052 | AE12: =IF(S12=0,0,O12/S12) -> 0.578125 | AF12: =IF(R12=0,0,O12/R12) -> 0.88622754 | AI12: =(PERCENTRANK(F$3:F$298,F12))*100 -> 83 | AJ12: =(PERCENTRANK(G$3:G$298,G12))*100 -> 95 | AK12: =(PERCENTRANK(H$3:H$298,H12))*100 -> 89 | AL12: =(PERCENTRANK(I$3:I$298,I12))*100 -> 34.9 | AM12: =(PERCENTRANK(J$3:J$298,J12))*100 -> 25.1 | AN12: =(PERCENTRANK(K$3:K$298,K12))*100 -> 10.9 | AO12: =(PERCENTRANK(L$3:L$298,L12))*100 -> 92.3 | AP12: =(PERCENTRANK(M$3:M$298,M12))*100 -> 100 | ... AT12: =(PERCENTRANK(Q$3:Q$298,Q12))*100 -> 69.9 | AU12: =100-(PERCENTRANK(R$3:R$298,R12))*100 -> 33.9 | AV12: =(PERCENTRANK(S$3:S$298,S12))*100 -> 86.3 | AW12: =(PERCENTRANK(T$3:T$298,T12))*100 -> 50.8 | AX12: =100-(PERCENTRANK(U$3:U$298,U12))*100 -> 97.3 | AZ12: =(PERCENTRANK(W$3:W$298,W12))*100 -> 79.2 | BA12: =(PERCENTRANK(X$3:X$298,X12))*100 -> 100 | BB12: =(PERCENTRANK(Y$3:Y$298,Y12))*100 -> 91.2 | BC12: =(PERCENTRANK(Z$3:Z$298,Z12))*100 -> 81.4 | BD12: =(PERCENTRANK(AA$3:AA$298,AA12))*100 -> 34.9 | BE12: =(PERCENTRANK(AB$3:AB$298,AB12))*100 -> 50.8 | BF12: =(PERCENTRANK(AC$3:AC$298,AC12))*100 -> 72.6 | BG12: =(PERCENTRANK(AD$3:AD$298,AD12))*100 -> 34.9 | ... BI12: =(PERCENTRANK(AF$3:AF$298,AF12))*100 -> 39.8
A13: Jordin Canada | B13: ATL | C13: G | D13: 42 | E13: 1312 | F13: 42 | G13: 1312 | H13: 16.7 | I13: 0.552 | J13: 0.485 | K13: 0.36 | L13: 0.458 | M13: 2.5 | N13: 6.9 | O13: 35.2 | P13: 3.1 | Q13: 0.8 | R13: 19.1 | S13: 17.6 | T13: 115 | U13: 105 | W13: 2.7 | X13: 2.5 | Y13: 5.2 | Z13: 0.158 | AA13: =(I13/TOTAL_BASIC!$D$301)*100 -> 98.321167 | AB13: =(T13/100) -> 1.15 | AC13: =T13-U13 -> 10 | AD13: =2*I13 -> 1.104 | AE13: =IF(S13=0,0,O13/S13) -> 2 | AF13: =IF(R13=0,0,O13/R13) -> 1.8429319 | AI13: =(PERCENTRANK(F$3:F$298,F13))*100 -> 83 | AJ13: =(PERCENTRANK(G$3:G$298,G13))*100 -> 94.5 | AK13: =(PERCENTRANK(H$3:H$298,H13))*100 -> 71.5 | AL13: =(PERCENTRANK(I$3:I$298,I13))*100 -> 45.9 | AM13: =(PERCENTRANK(J$3:J$298,J13))*100 -> 34.4 | AN13: =(PERCENTRANK(K$3:K$298,K13))*100 -> 38.7 | AO13: =(PERCENTRANK(L$3:L$298,L13))*100 -> 87.4 | AP13: =(PERCENTRANK(M$3:M$298,M13))*100 -> 27.8 | ... AT13: =(PERCENTRANK(Q$3:Q$298,Q13))*100 -> 28.4 | AU13: =100-(PERCENTRANK(R$3:R$298,R13))*100 -> 17.5 | AV13: =(PERCENTRANK(S$3:S$298,S13))*100 -> 42.6 | AW13: =(PERCENTRANK(T$3:T$298,T13))*100 -> 73.7 | AX13: =100-(PERCENTRANK(U$3:U$298,U13))*100 -> 85.8 | AZ13: =(PERCENTRANK(W$3:W$298,W13))*100 -> 88.5 | BA13: =(PERCENTRANK(X$3:X$298,X13))*100 -> 95 | BB13: =(PERCENTRANK(Y$3:Y$298,Y13))*100 -> 91.8 | BC13: =(PERCENTRANK(Z$3:Z$298,Z13))*100 -> 83.6 | BD13: =(PERCENTRANK(AA$3:AA$298,AA13))*100 -> 45.9 | BE13: =(PERCENTRANK(AB$3:AB$298,AB13))*100 -> 73.7 | BF13: =(PERCENTRANK(AC$3:AC$298,AC13))*100 -> 78.1 | BG13: =(PERCENTRANK(AD$3:AD$298,AD13))*100 -> 45.9 | ... BI13: =(PERCENTRANK(AF$3:AF$298,AF13))*100 -> 91.8
A14: Jessica Shepard | B14: DAL | C14: F | D14: 41 | E14: 1301 | F14: 41 | G14: 1301 | H14: 22.3 | I14: 0.601 | J14: 0.572 | K14: 0.026 | L14: 0.382 | M14: 10.7 | N14: 20.7 | O14: 25.4 | P14: 1.1 | Q14: 0.2 | R14: 13.9 | S14: 19.5 | T14: 124 | U14: 106 | W14: 4.6 | X14: 2.1 | Y14: 6.7 | Z14: 0.206 | AA14: =(I14/TOTAL_BASIC!$D$301)*100 -> 107.04895 | AB14: =(T14/100) -> 1.24 | AC14: =T14-U14 -> 18 | AD14: =2*I14 -> 1.202 | AE14: =IF(S14=0,0,O14/S14) -> 1.3025641 | AF14: =IF(R14=0,0,O14/R14) -> 1.8273381 | AI14: =(PERCENTRANK(F$3:F$298,F14))*100 -> 69.3 | AJ14: =(PERCENTRANK(G$3:G$298,G14))*100 -> 93.9 | AK14: =(PERCENTRANK(H$3:H$298,H14))*100 -> 94.5 | AL14: =(PERCENTRANK(I$3:I$298,I14))*100 -> 75.9 | AM14: =(PERCENTRANK(J$3:J$298,J14))*100 -> 85.2 | AN14: =(PERCENTRANK(K$3:K$298,K14))*100 -> 4.9 | AO14: =(PERCENTRANK(L$3:L$298,L14))*100 -> 73.7 | AP14: =(PERCENTRANK(M$3:M$298,M14))*100 -> 90.7 | ... AT14: =(PERCENTRANK(Q$3:Q$298,Q14))*100 -> 5.4 | AU14: =100-(PERCENTRANK(R$3:R$298,R14))*100 -> 58 | AV14: =(PERCENTRANK(S$3:S$298,S14))*100 -> 56.8 | AW14: =(PERCENTRANK(T$3:T$298,T14))*100 -> 92.8 | AX14: =100-(PERCENTRANK(U$3:U$298,U14))*100 -> 83.1 | AZ14: =(PERCENTRANK(W$3:W$298,W14))*100 -> 97.2 | BA14: =(PERCENTRANK(X$3:X$298,X14))*100 -> 90.1 | BB14: =(PERCENTRANK(Y$3:Y$298,Y14))*100 -> 96.7 | BC14: =(PERCENTRANK(Z$3:Z$298,Z14))*100 -> 96.1 | BD14: =(PERCENTRANK(AA$3:AA$298,AA14))*100 -> 75.9 | BE14: =(PERCENTRANK(AB$3:AB$298,AB14))*100 -> 92.8 | BF14: =(PERCENTRANK(AC$3:AC$298,AC14))*100 -> 96.1 | BG14: =(PERCENTRANK(AD$3:AD$298,AD14))*100 -> 75.9 | ... BI14: =(PERCENTRANK(AF$3:AF$298,AF14))*100 -> 90.7
... A186: Ta'Niya Latson | B186: TOT | C186: G | D186: 18 | E186: 103 | F186: 18 | G186: 103 | H186: 13.1 | I186: 0.604 | J186: 0.5 | K186: 0.294 | L186: 0.824 | M186: 4.7 | N186: 8.8 | O186: 10.5 | P186: 0.5 | Q186: 0.9 | R186: 20.6 | S186: 25.2 | T186: 103 | U186: 114 | W186: 0.1 | X186: 0.1 | Y186: 0.1 | Z186: 0.042 | AA186: =(I186/TOTAL_BASIC!$D$301)*100 -> 107.58331 | AB186: =(T186/100) -> 1.03 | AC186: =T186-U186 -> -11 | AD186: =2*I186 -> 1.208 | AE186: =IF(S186=0,0,O186/S186) -> 0.41666667 | AF186: =IF(R186=0,0,O186/R186) -> 0.50970874 | AI186: =(PERCENTRANK(F$3:F$298,F186))*100 -> 12.5 | AJ186: =(PERCENTRANK(G$3:G$298,G186))*100 -> 0 | AK186: =(PERCENTRANK(H$3:H$298,H186))*100 -> 51.3 | AL186: =(PERCENTRANK(I$3:I$298,I186))*100 -> 77.5 | AM186: =(PERCENTRANK(J$3:J$298,J186))*100 -> 44.2 | AN186: =(PERCENTRANK(K$3:K$298,K186))*100 -> 28.9 | AO186: =(PERCENTRANK(L$3:L$298,L186))*100 -> 98.9 | AP186: =(PERCENTRANK(M$3:M$298,M186))*100 -> 53.5 | ... AT186: =(PERCENTRANK(Q$3:Q$298,Q186))*100 -> 34.4 | AU186: =100-(PERCENTRANK(R$3:R$298,R186))*100 -> 11 | AV186: =(PERCENTRANK(S$3:S$298,S186))*100 -> 84.6 | AW186: =(PERCENTRANK(T$3:T$298,T186))*100 -> 34.4 | AX186: =100-(PERCENTRANK(U$3:U$298,U186))*100 -> 25.7 | AZ186: =(PERCENTRANK(W$3:W$298,W186))*100 -> 31.1 | BA186: =(PERCENTRANK(X$3:X$298,X186))*100 -> 8.1 | BB186: =(PERCENTRANK(Y$3:Y$298,Y186))*100 -> 13.6 | BC186: =(PERCENTRANK(Z$3:Z$298,Z186))*100 -> 31.1 | BD186: =(PERCENTRANK(AA$3:AA$298,AA186))*100 -> 77.5 | BE186: =(PERCENTRANK(AB$3:AB$298,AB186))*100 -> 34.4 | BF186: =(PERCENTRANK(AC$3:AC$298,AC186))*100 -> 26.7 | BG186: =(PERCENTRANK(AD$3:AD$298,AD186))*100 -> 77.5 | ... BI186: =(PERCENTRANK(AF$3:AF$298,AF186))*100 -> 13.1

Sheet SHOOTING
A1: DATA | AG1: CENTILE
A2: Stats | K2: % of FGA by Distance | R2: FG% by Distance | Y2: % of FG Ast'd | AB2: Corner 3s | AG2: Stats | AL2: % of FGA by Distance | AS2: FG% by Distance | AZ2: % of FG Ast'd | BC2: Corner 3s
A3: Player | B3: Team | C3: Pos | D3: G | E3: MP | F3: G | G3: MP | H3: FG% | I3: Dist. | K3: 2P | L3: 0-3 | M3: 3-10 | N3: 10-16 | O3: 16-3P | P3: 3P | R3: 2P | S3: 0-3 | T3: 3-10 | U3: 10-16 | V3: 16-3P | W3: 3P | Y3: 2P | Z3: 3P | AB3: %3PA | AC3: 3P% | AD3: %AST'd | AG3: G | AH3: MP | AI3: FG% | AJ3: Dist. | AL3: 2P | AM3: 0-3 | AN3: 3-10 | AO3: 10-16 | AP3: 16-3P | AQ3: 3P | AS3: 2P | AT3: 0-3 | AU3: 3-10 | AV3: 10-16 | AW3: 16-3P | AX3: 3P | AZ3: 2P | BA3: 3P | BC3: %3PA | BD3: 3P% | BE3: %AST'd
A4: Rhyne Howard | B4: ATL | C4: G | D4: 42 | E4: 1438 | F4: 42 | G4: 1438 | H4: 0.406 | I4: 18.7 | K4: 0.383 | L4: 0.098 | M4: 0.158 | N4: 0.076 | O4: 0.051 | P4: 0.617 | R4: 0.481 | S4: 0.729 | T4: 0.495 | U4: 0.283 | V4: 0.258 | W4: 0.36 | Y4: 0.306 | Z4: 0.843 | AB4: 0.089 | AC4: 0.424 | AD4: =(K4*Y4+P4*Z4) -> 0.637329 | AG4: =(PERCENTRANK(F$4:F$298,F4))*100 -> 83 | AH4: =(PERCENTRANK(G$4:G$298,G4))*100 -> 100 | AI4: =(PERCENTRANK(H$4:H$298,H4))*100 -> 33.8 | AJ4: =(PERCENTRANK(I$4:I$298,I4))*100 -> 88.5 | AL4: =(PERCENTRANK(K$4:K$298,K4))*100 -> 14.2 | AM4: =(PERCENTRANK(L$4:L$298,L4))*100 -> 14.2 | AN4: =(PERCENTRANK(M$4:M$298,M4))*100 -> 19.6 | AO4: =(PERCENTRANK(N$4:N$298,N4))*100 -> 56.2 | AP4: =(PERCENTRANK(O$4:O$298,O4))*100 -> 60.6 | AQ4: =(PERCENTRANK(P$4:P$298,P4))*100 -> 85.7 | AS4: =(PERCENTRANK(R$4:R$298,R4))*100 -> 34.4 | AT4: =(PERCENTRANK(S$4:S$298,S4))*100 -> 72.1 | AU4: =(PERCENTRANK(T$4:T$298,T4))*100 -> 72.6 | AV4: =(PERCENTRANK(U$4:U$298,U4))*100 -> 32.7 | AW4: =(PERCENTRANK(V$4:V$298,V4))*100 -> 40.9 | AX4: =(PERCENTRANK(W$4:W$298,W4))*100 -> 65.5 | AZ4: =100-(PERCENTRANK(Y$4:Y$298,Y4))*100 -> 89.7 | BA4: =100-(PERCENTRANK(Z$4:Z$298,Z4))*100 -> 71.1 | BC4: =(PERCENTRANK(AB$4:AB$298,AB4))*100 -> 13.1 | BD4: =(PERCENTRANK(AC$4:AC$298,AC4))*100 -> 67.7 | BE4: =100-(PERCENTRANK(AD$4:AD$298,AD4))*100 -> 72.7
A5: Allisha Gray | B5: ATL | C5: G | D5: 43 | E5: 1401 | F5: 43 | G5: 1401 | H5: 0.462 | I5: 12.9 | K5: 0.604 | L5: 0.278 | M5: 0.226 | N5: 0.083 | O5: 0.017 | P5: 0.396 | R5: 0.548 | S5: 0.75 | T5: 0.338 | U5: 0.49 | V5: 0.3 | W5: 0.33 | Y5: 0.687 | Z5: 0.961 | AB5: 0.15 | AC5: 0.229 | AD5: =(K5*Y5+P5*Z5) -> 0.795504 | AG5: =(PERCENTRANK(F$4:F$298,F5))*100 -> 96.7 | AH5: =(PERCENTRANK(G$4:G$298,G5))*100 -> 99.4 | AI5: =(PERCENTRANK(H$4:H$298,H5))*100 -> 63.9 | AJ5: =(PERCENTRANK(I$4:I$298,I5))*100 -> 40.9 | AL5: =(PERCENTRANK(K$4:K$298,K5))*100 -> 52.4 | AM5: =(PERCENTRANK(L$4:L$298,L5))*100 -> 74.3 | AN5: =(PERCENTRANK(M$4:M$298,M5))*100 -> 41.5 | AO5: =(PERCENTRANK(N$4:N$298,N5))*100 -> 61.7 | AP5: =(PERCENTRANK(O$4:O$298,O5))*100 -> 20.2 | AQ5: =(PERCENTRANK(P$4:P$298,P5))*100 -> 46.9 | AS5: =(PERCENTRANK(R$4:R$298,R5))*100 -> 71.5 | AT5: =(PERCENTRANK(S$4:S$298,S5))*100 -> 77 | AU5: =(PERCENTRANK(T$4:T$298,T5))*100 -> 15.8 | AV5: =(PERCENTRANK(U$4:U$298,U5))*100 -> 80.8 | AW5: =(PERCENTRANK(V$4:V$298,V5))*100 -> 45.9 | AX5: =(PERCENTRANK(W$4:W$298,W5))*100 -> 51.9 | AZ5: =100-(PERCENTRANK(Y$4:Y$298,Y5))*100 -> 35.6 | BA5: =100-(PERCENTRANK(Z$4:Z$298,Z5))*100 -> 42.7 | BC5: =(PERCENTRANK(AB$4:AB$298,AB5))*100 -> 32.2 | BD5: =(PERCENTRANK(AC$4:AC$298,AC5))*100 -> 21.3 | BE5: =100-(PERCENTRANK(AD$4:AD$298,AD5))*100 -> 36.1
A6: Breanna Stewart | B6: NYL | C6: F | D6: 42 | E6: 1384 | F6: 42 | G6: 1384 | H6: 0.474 | I6: 9.8 | K6: 0.807 | L6: 0.194 | M6: 0.472 | N6: 0.12 | O6: 0.021 | P6: 0.193 | R6: 0.526 | S6: 0.65 | T6: 0.508 | U6: 0.395 | V6: 0.538 | W6: 0.254 | Y6: 0.673 | Z6: 0.903 | AB6: 0.221 | AC6: 0.296 | AD6: =(K6*Y6+P6*Z6) -> 0.71739 | AG6: =(PERCENTRANK(F$4:F$298,F6))*100 -> 83 | AH6: =(PERCENTRANK(G$4:G$298,G6))*100 -> 98.9 | AI6: =(PERCENTRANK(H$4:H$298,H6))*100 -> 68.8 | AJ6: =(PERCENTRANK(I$4:I$298,I6))*100 -> 20.2 | AL6: =(PERCENTRANK(K$4:K$298,K6))*100 -> 85.2 | AM6: =(PERCENTRANK(L$4:L$298,L6))*100 -> 49.1 | AN6: =(PERCENTRANK(M$4:M$298,M6))*100 -> 96.1 | AO6: =(PERCENTRANK(N$4:N$298,N6))*100 -> 80.3 | AP6: =(PERCENTRANK(O$4:O$298,O6))*100 -> 27.3 | AQ6: =(PERCENTRANK(P$4:P$298,P6))*100 -> 14.7 | AS6: =(PERCENTRANK(R$4:R$298,R6))*100 -> 59 | AT6: =(PERCENTRANK(S$4:S$298,S6))*100 -> 40.9 | AU6: =(PERCENTRANK(T$4:T$298,T6))*100 -> 77.5 | AV6: =(PERCENTRANK(U$4:U$298,U6))*100 -> 57.9 | AW6: =(PERCENTRANK(V$4:V$298,V6))*100 -> 90.7 | AX6: =(PERCENTRANK(W$4:W$298,W6))*100 -> 20.2 | AZ6: =100-(PERCENTRANK(Y$4:Y$298,Y6))*100 -> 39.9 | BA6: =100-(PERCENTRANK(Z$4:Z$298,Z6))*100 -> 62.3 | BC6: =(PERCENTRANK(AB$4:AB$298,AB6))*100 -> 61.7 | BD6: =(PERCENTRANK(AC$4:AC$298,AC6))*100 -> 38.7 | BE6: =100-(PERCENTRANK(AD$4:AD$298,AD6))*100 -> 54.7
A7: Kelsey Mitchell | B7: IND | C7: G | D7: 42 | E7: 1382 | F7: 42 | G7: 1382 | H7: 0.515 | I7: 14.4 | K7: 0.603 | L7: 0.223 | M7: 0.194 | N7: 0.057 | O7: 0.13 | P7: 0.397 | R7: 0.553 | S7: 0.64 | T7: 0.586 | U7: 0.415 | V7: 0.415 | W7: 0.456 | Y7: 0.568 | Z7: 0.641 | AB7: 0.122 | AC7: 0.371 | AD7: =(K7*Y7+P7*Z7) -> 0.596981 | AG7: =(PERCENTRANK(F$4:F$298,F7))*100 -> 83 | AH7: =(PERCENTRANK(G$4:G$298,G7))*100 -> 98.3 | AI7: =(PERCENTRANK(H$4:H$298,H7))*100 -> 83 | AJ7: =(PERCENTRANK(I$4:I$298,I7))*100 -> 53.5 | AL7: =(PERCENTRANK(K$4:K$298,K7))*100 -> 51.3 | AM7: =(PERCENTRANK(L$4:L$298,L7))*100 -> 60.1 | AN7: =(PERCENTRANK(M$4:M$298,M7))*100 -> 30.6 | AO7: =(PERCENTRANK(N$4:N$298,N7))*100 -> 41.5 | AP7: =(PERCENTRANK(O$4:O$298,O7))*100 -> 95.6 | AQ7: =(PERCENTRANK(P$4:P$298,P7))*100 -> 48 | AS7: =(PERCENTRANK(R$4:R$298,R7))*100 -> 73.7 | AT7: =(PERCENTRANK(S$4:S$298,S7))*100 -> 38.2 | AU7: =(PERCENTRANK(T$4:T$298,T7))*100 -> 93.9 | AV7: =(PERCENTRANK(U$4:U$298,U7))*100 -> 64.4 | AW7: =(PERCENTRANK(V$4:V$298,V7))*100 -> 70.4 | AX7: =(PERCENTRANK(W$4:W$298,W7))*100 -> 96.1 | AZ7: =100-(PERCENTRANK(Y$4:Y$298,Y7))*100 -> 58 | BA7: =100-(PERCENTRANK(Z$4:Z$298,Z7))*100 -> 89.7 | BC7: =(PERCENTRANK(AB$4:AB$298,AB7))*100 -> 22.4 | BD7: =(PERCENTRANK(AC$4:AC$298,AC7))*100 -> 53.5 | BE7: =100-(PERCENTRANK(AD$4:AD$298,AD7))*100 -> 78.2
A8: Kayla McBride | B8: MIN | C8: G | D8: 42 | E8: 1370 | F8: 42 | G8: 1370 | H8: 0.456 | I8: 16.7 | K8: 0.454 | L8: 0.158 | M8: 0.162 | N8: 0.061 | O8: 0.073 | P8: 0.546 | R8: 0.512 | S8: 0.694 | T8: 0.506 | U8: 0.182 | V8: 0.41 | W8: 0.41 | Y8: 0.736 | Z8: 0.967 | AB8: 0.195 | AC8: 0.439 | AD8: =(K8*Y8+P8*Z8) -> 0.862126 | AG8: =(PERCENTRANK(F$4:F$298,F8))*100 -> 83 | AH8: =(PERCENTRANK(G$4:G$298,G8))*100 -> 97.8 | AI8: =(PERCENTRANK(H$4:H$298,H8))*100 -> 60.6 | AJ8: =(PERCENTRANK(I$4:I$298,I8))*100 -> 75.4 | AL8: =(PERCENTRANK(K$4:K$298,K8))*100 -> 19.6 | AM8: =(PERCENTRANK(L$4:L$298,L8))*100 -> 36.6 | AN8: =(PERCENTRANK(M$4:M$298,M8))*100 -> 20.2 | AO8: =(PERCENTRANK(N$4:N$298,N8))*100 -> 46.9 | AP8: =(PERCENTRANK(O$4:O$298,O8))*100 -> 77.5 | AQ8: =(PERCENTRANK(P$4:P$298,P8))*100 -> 80.3 | AS8: =(PERCENTRANK(R$4:R$298,R8))*100 -> 48 | AT8: =(PERCENTRANK(S$4:S$298,S8))*100 -> 60.1 | AU8: =(PERCENTRANK(T$4:T$298,T8))*100 -> 76.5 | AV8: =(PERCENTRANK(U$4:U$298,U8))*100 -> 25.1 | AW8: =(PERCENTRANK(V$4:V$298,V8))*100 -> 68.3 | AX8: =(PERCENTRANK(W$4:W$298,W8))*100 -> 89 | AZ8: =100-(PERCENTRANK(Y$4:Y$298,Y8))*100 -> 25.7 | BA8: =100-(PERCENTRANK(Z$4:Z$298,Z8))*100 -> 39.4 | BC8: =(PERCENTRANK(AB$4:AB$298,AB8))*100 -> 55.1 | BD8: =(PERCENTRANK(AC$4:AC$298,AC8))*100 -> 72.1 | BE8: =100-(PERCENTRANK(AD$4:AD$298,AD8))*100 -> 18.6
A9: Alyssa Thomas | B9: PHO | C9: F | D9: 41 | E9: 1366 | F9: 41 | G9: 1366 | H9: 0.524 | I9: 6.7 | K9: 0.993 | L9: 0.264 | M9: 0.522 | N9: 0.156 | O9: 0.051 | P9: 0.007 | R9: 0.525 | S9: 0.704 | T9: 0.498 | U9: 0.353 | V9: 0.409 | W9: 0.333 | Y9: 0.555 | Z9: 0 | AB9: 0 | AC9: 0 | AD9: =(K9*Y9+P9*Z9) -> 0.551115 | AG9: =(PERCENTRANK(F$4:F$298,F9))*100 -> 69.3 | AH9: =(PERCENTRANK(G$4:G$298,G9))*100 -> 97.2 | AI9: =(PERCENTRANK(H$4:H$298,H9))*100 -> 86.3 | AJ9: =(PERCENTRANK(I$4:I$298,I9))*100 -> 9.8 | AL9: =(PERCENTRANK(K$4:K$298,K9))*100 -> 97.2 | AM9: =(PERCENTRANK(L$4:L$298,L9))*100 -> 70.4 | AN9: =(PERCENTRANK(M$4:M$298,M9))*100 -> 99.4 | AO9: =(PERCENTRANK(N$4:N$298,N9))*100 -> 89.6 | AP9: =(PERCENTRANK(O$4:O$298,O9))*100 -> 60.6 | AQ9: =(PERCENTRANK(P$4:P$298,P9))*100 -> 2.7 | AS9: =(PERCENTRANK(R$4:R$298,R9))*100 -> 57.9 | AT9: =(PERCENTRANK(S$4:S$298,S9))*100 -> 63.3 | AU9: =(PERCENTRANK(T$4:T$298,T9))*100 -> 73.7 | AV9: =(PERCENTRANK(U$4:U$298,U9))*100 -> 49.7 | AW9: =(PERCENTRANK(V$4:V$298,V9))*100 -> 67.7 | AX9: =(PERCENTRANK(W$4:W$298,W9))*100 -> 52.4 | AZ9: =100-(PERCENTRANK(Y$4:Y$298,Y9))*100 -> 59.6 | BA9: =100-(PERCENTRANK(Z$4:Z$298,Z9))*100 -> 100 | BC9: =(PERCENTRANK(AB$4:AB$298,AB9))*100 -> 0 | BD9: =(PERCENTRANK(AC$4:AC$298,AC9))*100 -> 0 | BE9: =100-(PERCENTRANK(AD$4:AD$298,AD9))*100 -> 81.5
A10: Paige Bueckers | B10: DAL | C10: G | D10: 41 | E10: 1346 | F10: 41 | G10: 1346 | H10: 0.51 | I10: 15.6 | K10: 0.698 | L10: 0.074 | M10: 0.197 | N10: 0.277 | O10: 0.15 | P10: 0.302 | R10: 0.554 | S10: 0.787 | T10: 0.563 | U10: 0.565 | V10: 0.406 | W10: 0.409 | Y10: 0.445 | Z10: 0.747 | AB10: 0.057 | AC10: 0.364 | AD10: =(K10*Y10+P10*Z10) -> 0.536204 | AG10: =(PERCENTRANK(F$4:F$298,F10))*100 -> 69.3 | AH10: =(PERCENTRANK(G$4:G$298,G10))*100 -> 96.7 | AI10: =(PERCENTRANK(H$4:H$298,H10))*100 -> 81.9 | AJ10: =(PERCENTRANK(I$4:I$298,I10))*100 -> 61.7 | AL10: =(PERCENTRANK(K$4:K$298,K10))*100 -> 69.3 | AM10: =(PERCENTRANK(L$4:L$298,L10))*100 -> 8.7 | AN10: =(PERCENTRANK(M$4:M$298,M10))*100 -> 32.7 | AO10: =(PERCENTRANK(N$4:N$298,N10))*100 -> 100 | AP10: =(PERCENTRANK(O$4:O$298,O10))*100 -> 98.9 | AQ10: =(PERCENTRANK(P$4:P$298,P10))*100 -> 30.6 | AS10: =(PERCENTRANK(R$4:R$298,R10))*100 -> 74.3 | AT10: =(PERCENTRANK(S$4:S$298,S10))*100 -> 87.9 | AU10: =(PERCENTRANK(T$4:T$298,T10))*100 -> 91.2 | AV10: =(PERCENTRANK(U$4:U$298,U10))*100 -> 90.7 | AW10: =(PERCENTRANK(V$4:V$298,V10))*100 -> 67.2 | AX10: =(PERCENTRANK(W$4:W$298,W10))*100 -> 87.9 | AZ10: =100-(PERCENTRANK(Y$4:Y$298,Y10))*100 -> 77.1 | BA10: =100-(PERCENTRANK(Z$4:Z$298,Z10))*100 -> 80.9 | BC10: =(PERCENTRANK(AB$4:AB$298,AB10))*100 -> 7.1 | BD10: =(PERCENTRANK(AC$4:AC$298,AC10))*100 -> 50.2 | BE10: =100-(PERCENTRANK(AD$4:AD$298,AD10))*100 -> 85.8
A11: Chelsea Gray | B11: LVA | C11: G | D11: 41 | E11: 1338 | F11: 41 | G11: 1338 | H11: 0.435 | I11: 18 | K11: 0.523 | L11: 0.034 | M11: 0.162 | N11: 0.226 | O11: 0.101 | P11: 0.477 | R11: 0.498 | S11: 0.714 | T11: 0.455 | U11: 0.489 | V11: 0.512 | W11: 0.366 | Y11: 0.255 | Z11: 0.873 | AB11: 0.113 | AC11: 0.455 | AD11: =(K11*Y11+P11*Z11) -> 0.549786 | AG11: =(PERCENTRANK(F$4:F$298,F11))*100 -> 69.3 | AH11: =(PERCENTRANK(G$4:G$298,G11))*100 -> 96.1 | AI11: =(PERCENTRANK(H$4:H$298,H11))*100 -> 49.1 | AJ11: =(PERCENTRANK(I$4:I$298,I11))*100 -> 84.1 | AL11: =(PERCENTRANK(K$4:K$298,K11))*100 -> 36 | AM11: =(PERCENTRANK(L$4:L$298,L11))*100 -> 2.1 | AN11: =(PERCENTRANK(M$4:M$298,M11))*100 -> 20.2 | AO11: =(PERCENTRANK(N$4:N$298,N11))*100 -> 97.8 | AP11: =(PERCENTRANK(O$4:O$298,O11))*100 -> 90.1 | AQ11: =(PERCENTRANK(P$4:P$298,P11))*100 -> 63.3 | AS11: =(PERCENTRANK(R$4:R$298,R11))*100 -> 40.9 | AT11: =(PERCENTRANK(S$4:S$298,S11))*100 -> 65.5 | AU11: =(PERCENTRANK(T$4:T$298,T11))*100 -> 53 | AV11: =(PERCENTRANK(U$4:U$298,U11))*100 -> 80.3 | AW11: =(PERCENTRANK(V$4:V$298,V11))*100 -> 86.8 | AX11: =(PERCENTRANK(W$4:W$298,W11))*100 -> 66.6 | AZ11: =100-(PERCENTRANK(Y$4:Y$298,Y11))*100 -> 91.9 | BA11: =100-(PERCENTRANK(Z$4:Z$298,Z11))*100 -> 67.3 | BC11: =(PERCENTRANK(AB$4:AB$298,AB11))*100 -> 19.6 | BD11: =(PERCENTRANK(AC$4:AC$298,AC11))*100 -> 75.9 | BE11: =100-(PERCENTRANK(AD$4:AD$298,AD11))*100 -> 82
A12: Jackie Young | B12: LVA | C12: G | D12: 41 | E12: 1322 | F12: 41 | G12: 1322 | H12: 0.494 | I12: 15.7 | K12: 0.565 | L12: 0.111 | M12: 0.253 | N12: 0.132 | O12: 0.069 | P12: 0.435 | R12: 0.574 | S12: 0.75 | T12: 0.575 | U12: 0.474 | V12: 0.475 | W12: 0.39 | Y12: 0.455 | Z12: 0.612 | AB12: 0.072 | AC12: 0.5 | AD12: =(K12*Y12+P12*Z12) -> 0.523295 | AG12: =(PERCENTRANK(F$4:F$298,F12))*100 -> 69.3 | AH12: =(PERCENTRANK(G$4:G$298,G12))*100 -> 95.6 | AI12: =(PERCENTRANK(H$4:H$298,H12))*100 -> 76.5 | AJ12: =(PERCENTRANK(I$4:I$298,I12))*100 -> 65 | AL12: =(PERCENTRANK(K$4:K$298,K12))*100 -> 43.7 | AM12: =(PERCENTRANK(L$4:L$298,L12))*100 -> 18.5 | AN12: =(PERCENTRANK(M$4:M$298,M12))*100 -> 50.2 | AO12: =(PERCENTRANK(N$4:N$298,N12))*100 -> 83.6 | AP12: =(PERCENTRANK(O$4:O$298,O12))*100 -> 75.4 | AQ12: =(PERCENTRANK(P$4:P$298,P12))*100 -> 56.2 | AS12: =(PERCENTRANK(R$4:R$298,R12))*100 -> 82.5 | AT12: =(PERCENTRANK(S$4:S$298,S12))*100 -> 77 | AU12: =(PERCENTRANK(T$4:T$298,T12))*100 -> 92.8 | AV12: =(PERCENTRANK(U$4:U$298,U12))*100 -> 78.1 | AW12: =(PERCENTRANK(V$4:V$298,V12))*100 -> 78.6 | AX12: =(PERCENTRANK(W$4:W$298,W12))*100 -> 79.2 | AZ12: =100-(PERCENTRANK(Y$4:Y$298,Y12))*100 -> 73.8 | BA12: =100-(PERCENTRANK(Z$4:Z$298,Z12))*100 -> 90.8 | BC12: =(PERCENTRANK(AB$4:AB$298,AB12))*100 -> 9.8 | BD12: =(PERCENTRANK(AC$4:AC$298,AC12))*100 -> 80.3 | BE12: =100-(PERCENTRANK(AD$4:AD$298,AD12))*100 -> 89.1
A13: Angel Reese | B13: ATL | C13: F | D13: 42 | E13: 1318 | F13: 42 | G13: 1318 | H13: 0.453 | I13: 5.2 | K13: 0.898 | L13: 0.561 | M13: 0.318 | N13: 0.005 | O13: 0.013 | P13: 0.102 | R13: 0.483 | S13: 0.57 | T13: 0.345 | U13: 0 | V13: 0.286 | W13: 0.196 | Y13: 0.624 | Z13: 1 | AB13: 0.429 | AC13: 0.167 | AD13: =(K13*Y13+P13*Z13) -> 0.662352 | AG13: =(PERCENTRANK(F$4:F$298,F13))*100 -> 83 | AH13: =(PERCENTRANK(G$4:G$298,G13))*100 -> 95 | AI13: =(PERCENTRANK(H$4:H$298,H13))*100 -> 60.1 | AJ13: =(PERCENTRANK(I$4:I$298,I13))*100 -> 4.3 | AL13: =(PERCENTRANK(K$4:K$298,K13))*100 -> 88.5 | AM13: =(PERCENTRANK(L$4:L$298,L13))*100 -> 97.8 | AN13: =(PERCENTRANK(M$4:M$298,M13))*100 -> 71 | AO13: =(PERCENTRANK(N$4:N$298,N13))*100 -> 4.9 | AP13: =(PERCENTRANK(O$4:O$298,O13))*100 -> 14.7 | AQ13: =(PERCENTRANK(P$4:P$298,P13))*100 -> 10.9 | AS13: =(PERCENTRANK(R$4:R$298,R13))*100 -> 36.6 | AT13: =(PERCENTRANK(S$4:S$298,S13))*100 -> 15.3 | AU13: =(PERCENTRANK(T$4:T$298,T13))*100 -> 18 | AV13: =(PERCENTRANK(U$4:U$298,U13))*100 -> 0 | AW13: =(PERCENTRANK(V$4:V$298,V13))*100 -> 43.7 | AX13: =(PERCENTRANK(W$4:W$298,W13))*100 -> 10.9 | AZ13: =100-(PERCENTRANK(Y$4:Y$298,Y13))*100 -> 49.2 | BA13: =100-(PERCENTRANK(Z$4:Z$298,Z13))*100 -> 33.9 | BC13: =(PERCENTRANK(AB$4:AB$298,AB13))*100 -> 91.2 | BD13: =(PERCENTRANK(AC$4:AC$298,AC13))*100 -> 14.7 | BE13: =100-(PERCENTRANK(AD$4:AD$298,AD13))*100 -> 68.4
A14: Jordin Canada | B14: ATL | C14: G | D14: 42 | E14: 1312 | F14: 42 | G14: 1312 | H14: 0.433 | I14: 12.1 | K14: 0.64 | L14: 0.272 | M14: 0.3 | N14: 0.063 | O14: 0.005 | P14: 0.36 | R14: 0.515 | S14: 0.63 | T14: 0.491 | U14: 0.174 | V14: 0 | W14: 0.288 | Y14: 0.174 | Z14: 0.974 | AB14: 0.144 | AC14: 0.368 | AD14: =(K14*Y14+P14*Z14) -> 0.462 | AG14: =(PERCENTRANK(F$4:F$298,F14))*100 -> 83 | AH14: =(PERCENTRANK(G$4:G$298,G14))*100 -> 94.5 | AI14: =(PERCENTRANK(H$4:H$298,H14))*100 -> 47.5 | AJ14: =(PERCENTRANK(I$4:I$298,I14))*100 -> 31.6 | AL14: =(PERCENTRANK(K$4:K$298,K14))*100 -> 61.2 | AM14: =(PERCENTRANK(L$4:L$298,L14))*100 -> 73.2 | AN14: =(PERCENTRANK(M$4:M$298,M14))*100 -> 66.1 | AO14: =(PERCENTRANK(N$4:N$298,N14))*100 -> 47.5 | AP14: =(PERCENTRANK(O$4:O$298,O14))*100 -> 7.6 | AQ14: =(PERCENTRANK(P$4:P$298,P14))*100 -> 38.7 | AS14: =(PERCENTRANK(R$4:R$298,R14))*100 -> 49.7 | AT14: =(PERCENTRANK(S$4:S$298,S14))*100 -> 34.4 | AU14: =(PERCENTRANK(T$4:T$298,T14))*100 -> 69.3 | AV14: =(PERCENTRANK(U$4:U$298,U14))*100 -> 24.5 | AW14: =(PERCENTRANK(V$4:V$298,V14))*100 -> 0 | AX14: =(PERCENTRANK(W$4:W$298,W14))*100 -> 33.3 | AZ14: =100-(PERCENTRANK(Y$4:Y$298,Y14))*100 -> 96.2 | BA14: =100-(PERCENTRANK(Z$4:Z$298,Z14))*100 -> 37.8 | BC14: =(PERCENTRANK(AB$4:AB$298,AB14))*100 -> 28.4 | BD14: =(PERCENTRANK(AC$4:AC$298,AC14))*100 -> 51.9 | BE14: =100-(PERCENTRANK(AD$4:AD$298,AD14))*100 -> 91.9
A15: Jessica Shepard | B15: DAL | C15: F | D15: 41 | E15: 1301 | F15: 41 | G15: 1301 | H15: 0.57 | I15: 6.5 | K15: 0.974 | L15: 0.36 | M15: 0.387 | N15: 0.189 | O15: 0.038 | P15: 0.026 | R15: 0.583 | S15: 0.742 | T15: 0.525 | U15: 0.468 | V15: 0.25 | W15: 0.091 | Y15: 0.676 | Z15: 1 | AB15: 0.091 | AC15: 0 | AD15: =(K15*Y15+P15*Z15) -> 0.684424 | AG15: =(PERCENTRANK(F$4:F$298,F15))*100 -> 69.3 | AH15: =(PERCENTRANK(G$4:G$298,G15))*100 -> 93.9 | AI15: =(PERCENTRANK(H$4:H$298,H15))*100 -> 96.1 | AJ15: =(PERCENTRANK(I$4:I$298,I15))*100 -> 8.1 | AL15: =(PERCENTRANK(K$4:K$298,K15))*100 -> 95 | AM15: =(PERCENTRANK(L$4:L$298,L15))*100 -> 86.8 | AN15: =(PERCENTRANK(M$4:M$298,M15))*100 -> 85.7 | AO15: =(PERCENTRANK(N$4:N$298,N15))*100 -> 95.6 | AP15: =(PERCENTRANK(O$4:O$298,O15))*100 -> 49.1 | AQ15: =(PERCENTRANK(P$4:P$298,P15))*100 -> 4.9 | AS15: =(PERCENTRANK(R$4:R$298,R15))*100 -> 85.2 | AT15: =(PERCENTRANK(S$4:S$298,S15))*100 -> 76.5 | AU15: =(PERCENTRANK(T$4:T$298,T15))*100 -> 83 | AV15: =(PERCENTRANK(U$4:U$298,U15))*100 -> 76.5 | AW15: =(PERCENTRANK(V$4:V$298,V15))*100 -> 32.7 | AX15: =(PERCENTRANK(W$4:W$298,W15))*100 -> 4.3 | AZ15: =100-(PERCENTRANK(Y$4:Y$298,Y15))*100 -> 39.4 | BA15: =100-(PERCENTRANK(Z$4:Z$298,Z15))*100 -> 33.9 | BC15: =(PERCENTRANK(AB$4:AB$298,AB15))*100 -> 14.7 | BD15: =(PERCENTRANK(AC$4:AC$298,AC15))*100 -> 0 | BE15: =100-(PERCENTRANK(AD$4:AD$298,AD15))*100 -> 62.9
... A187: Ta'Niya Latson | B187: TOT | C187: G | D187: 18 | E187: 103 | F187: 18 | G187: 103 | H187: 0.441 | I187: 10.5 | K187: 0.706 | L187: 0.206 | M187: 0.471 | N187: 0.029 | O187: 0 | P187: 0.294 | R187: 0.458 | S187: 0.571 | T187: 0.438 | U187: 0 | V187: 0 | W187: 0.4 | Y187: 0.545 | Z187: 1 | AB187: 0.4 | AC187: 0.5 | AD187: =(K187*Y187+P187*Z187) -> 0.67877 | AG187: =(PERCENTRANK(F$4:F$298,F187))*100 -> 12.5 | AH187: =(PERCENTRANK(G$4:G$298,G187))*100 -> 0 | AI187: =(PERCENTRANK(H$4:H$298,H187))*100 -> 54.6 | AJ187: =(PERCENTRANK(I$4:I$298,I187))*100 -> 21.8 | AL187: =(PERCENTRANK(K$4:K$298,K187))*100 -> 71 | AM187: =(PERCENTRANK(L$4:L$298,L187))*100 -> 54.6 | AN187: =(PERCENTRANK(M$4:M$298,M187))*100 -> 95.6 | AO187: =(PERCENTRANK(N$4:N$298,N187))*100 -> 18.5 | AP187: =(PERCENTRANK(O$4:O$298,O187))*100 -> 0 | AQ187: =(PERCENTRANK(P$4:P$298,P187))*100 -> 28.9 | AS187: =(PERCENTRANK(R$4:R$298,R187))*100 -> 20.7 | AT187: =(PERCENTRANK(S$4:S$298,S187))*100 -> 15.8 | AU187: =(PERCENTRANK(T$4:T$298,T187))*100 -> 47.5 | AV187: =(PERCENTRANK(U$4:U$298,U187))*100 -> 0 | AW187: =(PERCENTRANK(V$4:V$298,V187))*100 -> 0 | AX187: =(PERCENTRANK(W$4:W$298,W187))*100 -> 83.6 | AZ187: =100-(PERCENTRANK(Y$4:Y$298,Y187))*100 -> 61.3 | BA187: =100-(PERCENTRANK(Z$4:Z$298,Z187))*100 -> 33.9 | BC187: =(PERCENTRANK(AB$4:AB$298,AB187))*100 -> 88.5 | BD187: =(PERCENTRANK(AC$4:AC$298,AC187))*100 -> 80.3 | BE187: =100-(PERCENTRANK(AD$4:AD$298,AD187))*100 -> 63.4
